min_ratings,n_factors,n_epochs,trainset,average_error
1,2,5,"('random', 0.9)",1.329893871547466
1,2,5,"('random', 0.8)",1.4009634946623857
1,2,5,"('random', 0.7)",1.382304124833837
1,2,5,"('random', 0.6)",1.3628400023012135
1,2,5,"('rows', 2)",1.3030370108416365
1,2,5,"('rows', 4)",1.2076369802147822
1,2,5,"('rows', 6)",1.3845053822976279
1,2,5,"('cols', 2)",1.2231364562121598
1,2,5,"('cols', 4)",1.3268705981243683
1,2,5,"('cols', 6)",1.3246169195581932
1,2,10,"('random', 0.9)",1.3405493844161454
1,2,10,"('random', 0.8)",1.4225317107344262
1,2,10,"('random', 0.7)",1.4052704514275225
1,2,10,"('random', 0.6)",1.3880796754228115
1,2,10,"('rows', 2)",1.3072716170626981
1,2,10,"('rows', 4)",1.2076931533244577
1,2,10,"('rows', 6)",1.3913411529537685
1,2,10,"('cols', 2)",1.2300803850177793
1,2,10,"('cols', 4)",1.3440482198342985
1,2,10,"('cols', 6)",1.33584846365349
1,2,15,"('random', 0.9)",1.3837505612987056
1,2,15,"('random', 0.8)",1.4638768859425735
1,2,15,"('random', 0.7)",1.4433452561586597
1,2,15,"('random', 0.6)",1.4127296463254784
1,2,15,"('rows', 2)",1.310538517938168
1,2,15,"('rows', 4)",1.2087553777080842
1,2,15,"('rows', 6)",1.397849872642275
1,2,15,"('cols', 2)",1.2297350649342302
1,2,15,"('cols', 4)",1.3530482694570711
1,2,15,"('cols', 6)",1.3416756858083458
1,2,20,"('random', 0.9)",1.4718911467999964
1,2,20,"('random', 0.8)",1.5091832475591425
1,2,20,"('random', 0.7)",1.504713482596623
1,2,20,"('random', 0.6)",1.4539577111747668
1,2,20,"('rows', 2)",1.3115789177828883
1,2,20,"('rows', 4)",1.208164441474567
1,2,20,"('rows', 6)",1.4003831869760444
1,2,20,"('cols', 2)",1.2278510370890057
1,2,20,"('cols', 4)",1.35559759824948
1,2,20,"('cols', 6)",1.341885749132959
1,2,25,"('random', 0.9)",1.5121070011499704
1,2,25,"('random', 0.8)",1.5350066476938702
1,2,25,"('random', 0.7)",1.5432779326637514
1,2,25,"('random', 0.6)",1.4938091017148434
1,2,25,"('rows', 2)",1.3121387349983358
1,2,25,"('rows', 4)",1.20806598358134
1,2,25,"('rows', 6)",1.4017038295766826
1,2,25,"('cols', 2)",1.2268491885870094
1,2,25,"('cols', 4)",1.3538646881808658
1,2,25,"('cols', 6)",1.34116173762052
1,2,30,"('random', 0.9)",1.5491663850811357
1,2,30,"('random', 0.8)",1.5521922986733259
1,2,30,"('random', 0.7)",1.5738125959230835
1,2,30,"('random', 0.6)",1.526126100838611
1,2,30,"('rows', 2)",1.3134002518626862
1,2,30,"('rows', 4)",1.2079099515548004
1,2,30,"('rows', 6)",1.4027208469113803
1,2,30,"('cols', 2)",1.2266695066429216
1,2,30,"('cols', 4)",1.3503863850108264
1,2,30,"('cols', 6)",1.3409808606705136
1,5,5,"('random', 0.9)",1.337720266997971
1,5,5,"('random', 0.8)",1.4007153066151503
1,5,5,"('random', 0.7)",1.3864471141688852
1,5,5,"('random', 0.6)",1.3668900119526572
1,5,5,"('rows', 2)",1.3058976168175238
1,5,5,"('rows', 4)",1.209346371096441
1,5,5,"('rows', 6)",1.3860939281522258
1,5,5,"('cols', 2)",1.222758103245785
1,5,5,"('cols', 4)",1.3283259524046684
1,5,5,"('cols', 6)",1.3246437950088765
1,5,10,"('random', 0.9)",1.3656287853172218
1,5,10,"('random', 0.8)",1.4170257560748272
1,5,10,"('random', 0.7)",1.4140477204518447
1,5,10,"('random', 0.6)",1.4031842334099667
1,5,10,"('rows', 2)",1.3127511294229064
1,5,10,"('rows', 4)",1.2116513834640572
1,5,10,"('rows', 6)",1.3949725625689808
1,5,10,"('cols', 2)",1.2273903454831225
1,5,10,"('cols', 4)",1.3456462204754898
1,5,10,"('cols', 6)",1.3353319284175706
1,5,15,"('random', 0.9)",1.4610121247503904
1,5,15,"('random', 0.8)",1.4805319744433252
1,5,15,"('random', 0.7)",1.4671912074324365
1,5,15,"('random', 0.6)",1.4597063699941053
1,5,15,"('rows', 2)",1.3150734225345286
1,5,15,"('rows', 4)",1.2152275096887133
1,5,15,"('rows', 6)",1.404141138467101
1,5,15,"('cols', 2)",1.2237624087206533
1,5,15,"('cols', 4)",1.353047102237573
1,5,15,"('cols', 6)",1.3403810692106646
1,5,20,"('random', 0.9)",1.539111281145902
1,5,20,"('random', 0.8)",1.5483469548912998
1,5,20,"('random', 0.7)",1.5389036264679088
1,5,20,"('random', 0.6)",1.5275956642078954
1,5,20,"('rows', 2)",1.3141599235918513
1,5,20,"('rows', 4)",1.2159548519934662
1,5,20,"('rows', 6)",1.4081007996195816
1,5,20,"('cols', 2)",1.2190065959767689
1,5,20,"('cols', 4)",1.3538844610374614
1,5,20,"('cols', 6)",1.339660985500806
1,5,25,"('random', 0.9)",1.5742961513972835
1,5,25,"('random', 0.8)",1.587947249541366
1,5,25,"('random', 0.7)",1.576618239846888
1,5,25,"('random', 0.6)",1.5829973729496654
1,5,25,"('rows', 2)",1.3147387833808077
1,5,25,"('rows', 4)",1.2153811110567434
1,5,25,"('rows', 6)",1.4090070209782242
1,5,25,"('cols', 2)",1.2179862274204403
1,5,25,"('cols', 4)",1.3514258507329933
1,5,25,"('cols', 6)",1.3367731481314131
1,5,30,"('random', 0.9)",1.6051563409779657
1,5,30,"('random', 0.8)",1.616268743278788
1,5,30,"('random', 0.7)",1.598002468205223
1,5,30,"('random', 0.6)",1.6266918192283297
1,5,30,"('rows', 2)",1.3169389521558876
1,5,30,"('rows', 4)",1.2153186396373623
1,5,30,"('rows', 6)",1.4092716956731592
1,5,30,"('cols', 2)",1.2189369426488876
1,5,30,"('cols', 4)",1.348300686372987
1,5,30,"('cols', 6)",1.334215359126819
1,10,5,"('random', 0.9)",1.331226817338218
1,10,5,"('random', 0.8)",1.387600968389532
1,10,5,"('random', 0.7)",1.3768941046566174
1,10,5,"('random', 0.6)",1.3632252070276163
1,10,5,"('rows', 2)",1.301187132187738
1,10,5,"('rows', 4)",1.2078644746006277
1,10,5,"('rows', 6)",1.384970308260958
1,10,5,"('cols', 2)",1.2274240227565147
1,10,5,"('cols', 4)",1.3249449306559447
1,10,5,"('cols', 6)",1.3237947812944342
1,10,10,"('random', 0.9)",1.3574334337321108
1,10,10,"('random', 0.8)",1.4019206339904533
1,10,10,"('random', 0.7)",1.4038970605816707
1,10,10,"('random', 0.6)",1.4054255863189429
1,10,10,"('rows', 2)",1.30004421248865
1,10,10,"('rows', 4)",1.2066579010353256
1,10,10,"('rows', 6)",1.3904528464643813
1,10,10,"('cols', 2)",1.237637451677773
1,10,10,"('cols', 4)",1.3404383628911118
1,10,10,"('cols', 6)",1.3331060783392221
1,10,15,"('random', 0.9)",1.449251086813468
1,10,15,"('random', 0.8)",1.4785959754151143
1,10,15,"('random', 0.7)",1.45040189509555
1,10,15,"('random', 0.6)",1.4687184351189713
1,10,15,"('rows', 2)",1.3006844812565113
1,10,15,"('rows', 4)",1.2082581878865257
1,10,15,"('rows', 6)",1.3954081371898173
1,10,15,"('cols', 2)",1.2380655741829851
1,10,15,"('cols', 4)",1.3456000919016382
1,10,15,"('cols', 6)",1.3352311851301002
1,10,20,"('random', 0.9)",1.5215385526501313
1,10,20,"('random', 0.8)",1.5362349695561566
1,10,20,"('random', 0.7)",1.5119541310150808
1,10,20,"('random', 0.6)",1.5303513971327136
1,10,20,"('rows', 2)",1.3036278213200487
1,10,20,"('rows', 4)",1.209407228760331
1,10,20,"('rows', 6)",1.3973131127145078
1,10,20,"('cols', 2)",1.2353184491432707
1,10,20,"('cols', 4)",1.344989173835816
1,10,20,"('cols', 6)",1.333632488995266
1,10,25,"('random', 0.9)",1.5474216192150607
1,10,25,"('random', 0.8)",1.5630341939912225
1,10,25,"('random', 0.7)",1.550532536471412
1,10,25,"('random', 0.6)",1.5823314808687483
1,10,25,"('rows', 2)",1.3074325952335533
1,10,25,"('rows', 4)",1.2109455198291728
1,10,25,"('rows', 6)",1.3984263944128432
1,10,25,"('cols', 2)",1.2348768509008465
1,10,25,"('cols', 4)",1.342092953608893
1,10,25,"('cols', 6)",1.3320805973039926
1,10,30,"('random', 0.9)",1.5790855304989895
1,10,30,"('random', 0.8)",1.5854503870500958
1,10,30,"('random', 0.7)",1.5756448495133242
1,10,30,"('random', 0.6)",1.6210331052661193
1,10,30,"('rows', 2)",1.3110717959138665
1,10,30,"('rows', 4)",1.2133248267551286
1,10,30,"('rows', 6)",1.3995843393679195
1,10,30,"('cols', 2)",1.2356595937828214
1,10,30,"('cols', 4)",1.33895213322118
1,10,30,"('cols', 6)",1.3310238791964601
1,20,5,"('random', 0.9)",1.35918762530222
1,20,5,"('random', 0.8)",1.3975487812521283
1,20,5,"('random', 0.7)",1.3904566899977926
1,20,5,"('random', 0.6)",1.3765375163201374
1,20,5,"('rows', 2)",1.3033301010395257
1,20,5,"('rows', 4)",1.2101423155966016
1,20,5,"('rows', 6)",1.3858117798927851
1,20,5,"('cols', 2)",1.2243209889940037
1,20,5,"('cols', 4)",1.3238585809690815
1,20,5,"('cols', 6)",1.3245698063623395
1,20,10,"('random', 0.9)",1.4419088768871333
1,20,10,"('random', 0.8)",1.435730231277601
1,20,10,"('random', 0.7)",1.4337880991785212
1,20,10,"('random', 0.6)",1.4318332623654504
1,20,10,"('rows', 2)",1.3015849153838637
1,20,10,"('rows', 4)",1.2070523269235178
1,20,10,"('rows', 6)",1.388212263017576
1,20,10,"('cols', 2)",1.230784779809759
1,20,10,"('cols', 4)",1.3327075791569698
1,20,10,"('cols', 6)",1.3312116917103207
1,20,15,"('random', 0.9)",1.5719543290157791
1,20,15,"('random', 0.8)",1.5162767267428243
1,20,15,"('random', 0.7)",1.4976938989325153
1,20,15,"('random', 0.6)",1.5014382774960666
1,20,15,"('rows', 2)",1.3004210602201451
1,20,15,"('rows', 4)",1.206772999165673
1,20,15,"('rows', 6)",1.3904367911164144
1,20,15,"('cols', 2)",1.2303657509692265
1,20,15,"('cols', 4)",1.3322139314441204
1,20,15,"('cols', 6)",1.331447428000759
1,20,20,"('random', 0.9)",1.6397928858132456
1,20,20,"('random', 0.8)",1.56815742577375
1,20,20,"('random', 0.7)",1.541484346171222
1,20,20,"('random', 0.6)",1.5521719399939997
1,20,20,"('rows', 2)",1.3017484981277196
1,20,20,"('rows', 4)",1.2082789860315855
1,20,20,"('rows', 6)",1.3917310501488378
1,20,20,"('cols', 2)",1.2315957767688268
1,20,20,"('cols', 4)",1.328479002151848
1,20,20,"('cols', 6)",1.3297473933721717
1,20,25,"('random', 0.9)",1.676229322247669
1,20,25,"('random', 0.8)",1.604234281030579
1,20,25,"('random', 0.7)",1.5695310967549971
1,20,25,"('random', 0.6)",1.5873558569598483
1,20,25,"('rows', 2)",1.3044219696572679
1,20,25,"('rows', 4)",1.2110718551387354
1,20,25,"('rows', 6)",1.3930931189252143
1,20,25,"('cols', 2)",1.233988236068578
1,20,25,"('cols', 4)",1.324959267040893
1,20,25,"('cols', 6)",1.3284120154057295
1,20,30,"('random', 0.9)",1.7102479781435518
1,20,30,"('random', 0.8)",1.6364342027041978
1,20,30,"('random', 0.7)",1.5934174342031484
1,20,30,"('random', 0.6)",1.6153345598377793
1,20,30,"('rows', 2)",1.3069031282856225
1,20,30,"('rows', 4)",1.21406234849366
1,20,30,"('rows', 6)",1.394564240929367
1,20,30,"('cols', 2)",1.2361273033488138
1,20,30,"('cols', 4)",1.3226125473182284
1,20,30,"('cols', 6)",1.3277712023213126
1,40,5,"('random', 0.9)",1.3768173322174573
1,40,5,"('random', 0.8)",1.4104616180855236
1,40,5,"('random', 0.7)",1.3868050085421004
1,40,5,"('random', 0.6)",1.3642211976385354
1,40,5,"('rows', 2)",1.3109538579325435
1,40,5,"('rows', 4)",1.2111642690543751
1,40,5,"('rows', 6)",1.3858049856891144
1,40,5,"('cols', 2)",1.2258791688209383
1,40,5,"('cols', 4)",1.3264843164376339
1,40,5,"('cols', 6)",1.3235718174621707
1,40,10,"('random', 0.9)",1.4873185309423895
1,40,10,"('random', 0.8)",1.499725807053867
1,40,10,"('random', 0.7)",1.45910481111659
1,40,10,"('random', 0.6)",1.4216075038996603
1,40,10,"('rows', 2)",1.3134652702916936
1,40,10,"('rows', 4)",1.2082707374714843
1,40,10,"('rows', 6)",1.3875540045618082
1,40,10,"('cols', 2)",1.2306476517809097
1,40,10,"('cols', 4)",1.3378527374814324
1,40,10,"('cols', 6)",1.3270989957349009
1,40,15,"('random', 0.9)",1.538003284237693
1,40,15,"('random', 0.8)",1.5617342267230152
1,40,15,"('random', 0.7)",1.5141678927726583
1,40,15,"('random', 0.6)",1.4738670192632053
1,40,15,"('rows', 2)",1.315967968535677
1,40,15,"('rows', 4)",1.208908585867342
1,40,15,"('rows', 6)",1.3902954122071272
1,40,15,"('cols', 2)",1.231275979736539
1,40,15,"('cols', 4)",1.338983811944237
1,40,15,"('cols', 6)",1.3268453244772296
1,40,20,"('random', 0.9)",1.5727278297926481
1,40,20,"('random', 0.8)",1.6004134852622236
1,40,20,"('random', 0.7)",1.5435086556906732
1,40,20,"('random', 0.6)",1.514273005816646
1,40,20,"('rows', 2)",1.3190835214758836
1,40,20,"('rows', 4)",1.211200797720729
1,40,20,"('rows', 6)",1.3926864499905787
1,40,20,"('cols', 2)",1.2323288566348019
1,40,20,"('cols', 4)",1.337091860120534
1,40,20,"('cols', 6)",1.3262601907854532
1,40,25,"('random', 0.9)",1.615597424392856
1,40,25,"('random', 0.8)",1.626852877495771
1,40,25,"('random', 0.7)",1.5659585603388797
1,40,25,"('random', 0.6)",1.547831509485487
1,40,25,"('rows', 2)",1.3216194257598735
1,40,25,"('rows', 4)",1.2138621963875929
1,40,25,"('rows', 6)",1.3948443553619203
1,40,25,"('cols', 2)",1.2335480914642922
1,40,25,"('cols', 4)",1.3353771375064711
1,40,25,"('cols', 6)",1.3261375993792304
1,40,30,"('random', 0.9)",1.6552716307054383
1,40,30,"('random', 0.8)",1.6439253380853731
1,40,30,"('random', 0.7)",1.588258594161167
1,40,30,"('random', 0.6)",1.5750060214146906
1,40,30,"('rows', 2)",1.3234052984083826
1,40,30,"('rows', 4)",1.2161066654261705
1,40,30,"('rows', 6)",1.3966148193452679
1,40,30,"('cols', 2)",1.2346416695268145
1,40,30,"('cols', 4)",1.334131492071019
1,40,30,"('cols', 6)",1.3263145268995729
5,2,5,"('random', 0.9)",1.329893871547466
5,2,5,"('random', 0.8)",1.4009634946623857
5,2,5,"('random', 0.7)",1.382304124833837
5,2,5,"('random', 0.6)",1.3621107695514922
5,2,5,"('rows', 2)",1.3030370108416365
5,2,5,"('rows', 4)",1.2076369802147822
5,2,5,"('rows', 6)",1.3845053822976279
5,2,5,"('cols', 2)",1.2231364562121598
5,2,5,"('cols', 4)",1.3268705981243683
5,2,5,"('cols', 6)",1.3246169195581932
5,2,10,"('random', 0.9)",1.3405493844161454
5,2,10,"('random', 0.8)",1.4225317107344262
5,2,10,"('random', 0.7)",1.4052704514275225
5,2,10,"('random', 0.6)",1.386874878819203
5,2,10,"('rows', 2)",1.3072716170626981
5,2,10,"('rows', 4)",1.2076931533244577
5,2,10,"('rows', 6)",1.3913411529537685
5,2,10,"('cols', 2)",1.2300803850177793
5,2,10,"('cols', 4)",1.3440482198342985
5,2,10,"('cols', 6)",1.33584846365349
5,2,15,"('random', 0.9)",1.3837505612987056
5,2,15,"('random', 0.8)",1.4638768859425735
5,2,15,"('random', 0.7)",1.4433452561586597
5,2,15,"('random', 0.6)",1.410980862560167
5,2,15,"('rows', 2)",1.310538517938168
5,2,15,"('rows', 4)",1.2087553777080842
5,2,15,"('rows', 6)",1.397849872642275
5,2,15,"('cols', 2)",1.2297350649342302
5,2,15,"('cols', 4)",1.3530482694570711
5,2,15,"('cols', 6)",1.3416756858083458
5,2,20,"('random', 0.9)",1.4718911467999964
5,2,20,"('random', 0.8)",1.5091832475591425
5,2,20,"('random', 0.7)",1.504713482596623
5,2,20,"('random', 0.6)",1.4514131813318498
5,2,20,"('rows', 2)",1.3115789177828883
5,2,20,"('rows', 4)",1.208164441474567
5,2,20,"('rows', 6)",1.4003831869760444
5,2,20,"('cols', 2)",1.2278510370890057
5,2,20,"('cols', 4)",1.35559759824948
5,2,20,"('cols', 6)",1.341885749132959
5,2,25,"('random', 0.9)",1.5121070011499704
5,2,25,"('random', 0.8)",1.5350066476938702
5,2,25,"('random', 0.7)",1.5432779326637514
5,2,25,"('random', 0.6)",1.4908019668990018
5,2,25,"('rows', 2)",1.3121387349983358
5,2,25,"('rows', 4)",1.20806598358134
5,2,25,"('rows', 6)",1.4017038295766826
5,2,25,"('cols', 2)",1.2268491885870094
5,2,25,"('cols', 4)",1.3538646881808658
5,2,25,"('cols', 6)",1.34116173762052
5,2,30,"('random', 0.9)",1.5491663850811357
5,2,30,"('random', 0.8)",1.5521922986733259
5,2,30,"('random', 0.7)",1.5738125959230835
5,2,30,"('random', 0.6)",1.522948980576473
5,2,30,"('rows', 2)",1.3134002518626862
5,2,30,"('rows', 4)",1.2079099515548004
5,2,30,"('rows', 6)",1.4027208469113803
5,2,30,"('cols', 2)",1.2266695066429216
5,2,30,"('cols', 4)",1.3503863850108264
5,2,30,"('cols', 6)",1.3409808606705136
5,5,5,"('random', 0.9)",1.337720266997971
5,5,5,"('random', 0.8)",1.4007153066151503
5,5,5,"('random', 0.7)",1.3864471141688852
5,5,5,"('random', 0.6)",1.3666171343851101
5,5,5,"('rows', 2)",1.3058976168175238
5,5,5,"('rows', 4)",1.209346371096441
5,5,5,"('rows', 6)",1.3860939281522258
5,5,5,"('cols', 2)",1.222758103245785
5,5,5,"('cols', 4)",1.3283259524046684
5,5,5,"('cols', 6)",1.3246437950088765
5,5,10,"('random', 0.9)",1.3656287853172218
5,5,10,"('random', 0.8)",1.4170257560748272
5,5,10,"('random', 0.7)",1.4140477204518447
5,5,10,"('random', 0.6)",1.402071125434096
5,5,10,"('rows', 2)",1.3127511294229064
5,5,10,"('rows', 4)",1.2116513834640572
5,5,10,"('rows', 6)",1.3949725625689808
5,5,10,"('cols', 2)",1.2273903454831225
5,5,10,"('cols', 4)",1.3456462204754898
5,5,10,"('cols', 6)",1.3353319284175706
5,5,15,"('random', 0.9)",1.4610121247503904
5,5,15,"('random', 0.8)",1.4805319744433252
5,5,15,"('random', 0.7)",1.4671912074324365
5,5,15,"('random', 0.6)",1.457626755702348
5,5,15,"('rows', 2)",1.3150734225345286
5,5,15,"('rows', 4)",1.2152275096887133
5,5,15,"('rows', 6)",1.404141138467101
5,5,15,"('cols', 2)",1.2237624087206533
5,5,15,"('cols', 4)",1.353047102237573
5,5,15,"('cols', 6)",1.3403810692106646
5,5,20,"('random', 0.9)",1.539111281145902
5,5,20,"('random', 0.8)",1.5483469548912998
5,5,20,"('random', 0.7)",1.5389036264679088
5,5,20,"('random', 0.6)",1.5249292948010444
5,5,20,"('rows', 2)",1.3141599235918513
5,5,20,"('rows', 4)",1.2159548519934662
5,5,20,"('rows', 6)",1.4081007996195816
5,5,20,"('cols', 2)",1.2190065959767689
5,5,20,"('cols', 4)",1.3538844610374614
5,5,20,"('cols', 6)",1.339660985500806
5,5,25,"('random', 0.9)",1.5742961513972835
5,5,25,"('random', 0.8)",1.587947249541366
5,5,25,"('random', 0.7)",1.576618239846888
5,5,25,"('random', 0.6)",1.5800815617943442
5,5,25,"('rows', 2)",1.3147387833808077
5,5,25,"('rows', 4)",1.2153811110567434
5,5,25,"('rows', 6)",1.4090070209782242
5,5,25,"('cols', 2)",1.2179862274204403
5,5,25,"('cols', 4)",1.3514258507329933
5,5,25,"('cols', 6)",1.3367731481314131
5,5,30,"('random', 0.9)",1.6051563409779657
5,5,30,"('random', 0.8)",1.616268743278788
5,5,30,"('random', 0.7)",1.598002468205223
5,5,30,"('random', 0.6)",1.623644020283676
5,5,30,"('rows', 2)",1.3169389521558876
5,5,30,"('rows', 4)",1.2153186396373623
5,5,30,"('rows', 6)",1.4092716956731592
5,5,30,"('cols', 2)",1.2189369426488876
5,5,30,"('cols', 4)",1.348300686372987
5,5,30,"('cols', 6)",1.334215359126819
5,10,5,"('random', 0.9)",1.331226817338218
5,10,5,"('random', 0.8)",1.387600968389532
5,10,5,"('random', 0.7)",1.3768941046566174
5,10,5,"('random', 0.6)",1.3631723075188618
5,10,5,"('rows', 2)",1.301187132187738
5,10,5,"('rows', 4)",1.2078644746006277
5,10,5,"('rows', 6)",1.384970308260958
5,10,5,"('cols', 2)",1.2274240227565147
5,10,5,"('cols', 4)",1.3249449306559447
5,10,5,"('cols', 6)",1.3237947812944342
5,10,10,"('random', 0.9)",1.3574334337321108
5,10,10,"('random', 0.8)",1.4019206339904533
5,10,10,"('random', 0.7)",1.4038970605816707
5,10,10,"('random', 0.6)",1.404902361506361
5,10,10,"('rows', 2)",1.30004421248865
5,10,10,"('rows', 4)",1.2066579010353256
5,10,10,"('rows', 6)",1.3904528464643813
5,10,10,"('cols', 2)",1.237637451677773
5,10,10,"('cols', 4)",1.3404383628911118
5,10,10,"('cols', 6)",1.3331060783392221
5,10,15,"('random', 0.9)",1.449251086813468
5,10,15,"('random', 0.8)",1.4785959754151143
5,10,15,"('random', 0.7)",1.45040189509555
5,10,15,"('random', 0.6)",1.4678283813779824
5,10,15,"('rows', 2)",1.3006844812565113
5,10,15,"('rows', 4)",1.2082581878865257
5,10,15,"('rows', 6)",1.3954081371898173
5,10,15,"('cols', 2)",1.2380655741829851
5,10,15,"('cols', 4)",1.3456000919016382
5,10,15,"('cols', 6)",1.3352311851301002
5,10,20,"('random', 0.9)",1.5215385526501313
5,10,20,"('random', 0.8)",1.5362349695561566
5,10,20,"('random', 0.7)",1.5119541310150808
5,10,20,"('random', 0.6)",1.529310980306031
5,10,20,"('rows', 2)",1.3036278213200487
5,10,20,"('rows', 4)",1.209407228760331
5,10,20,"('rows', 6)",1.3973131127145078
5,10,20,"('cols', 2)",1.2353184491432707
5,10,20,"('cols', 4)",1.344989173835816
5,10,20,"('cols', 6)",1.333632488995266
5,10,25,"('random', 0.9)",1.5474216192150607
5,10,25,"('random', 0.8)",1.5630341939912225
5,10,25,"('random', 0.7)",1.550532536471412
5,10,25,"('random', 0.6)",1.5812488746945919
5,10,25,"('rows', 2)",1.3074325952335533
5,10,25,"('rows', 4)",1.2109455198291728
5,10,25,"('rows', 6)",1.3984263944128432
5,10,25,"('cols', 2)",1.2348768509008465
5,10,25,"('cols', 4)",1.342092953608893
5,10,25,"('cols', 6)",1.3320805973039926
5,10,30,"('random', 0.9)",1.5790855304989895
5,10,30,"('random', 0.8)",1.5854503870500958
5,10,30,"('random', 0.7)",1.5756448495133242
5,10,30,"('random', 0.6)",1.620029232642624
5,10,30,"('rows', 2)",1.3110717959138665
5,10,30,"('rows', 4)",1.2133248267551286
5,10,30,"('rows', 6)",1.3995843393679195
5,10,30,"('cols', 2)",1.2356595937828214
5,10,30,"('cols', 4)",1.33895213322118
5,10,30,"('cols', 6)",1.3310238791964601
5,20,5,"('random', 0.9)",1.35918762530222
5,20,5,"('random', 0.8)",1.3975487812521283
5,20,5,"('random', 0.7)",1.3904566899977926
5,20,5,"('random', 0.6)",1.3770543285492414
5,20,5,"('rows', 2)",1.3033301010395257
5,20,5,"('rows', 4)",1.2101423155966016
5,20,5,"('rows', 6)",1.3858117798927851
5,20,5,"('cols', 2)",1.2243209889940037
5,20,5,"('cols', 4)",1.3238585809690815
5,20,5,"('cols', 6)",1.3245698063623395
5,20,10,"('random', 0.9)",1.4419088768871333
5,20,10,"('random', 0.8)",1.435730231277601
5,20,10,"('random', 0.7)",1.4337880991785212
5,20,10,"('random', 0.6)",1.431447333522618
5,20,10,"('rows', 2)",1.3015849153838637
5,20,10,"('rows', 4)",1.2070523269235178
5,20,10,"('rows', 6)",1.388212263017576
5,20,10,"('cols', 2)",1.230784779809759
5,20,10,"('cols', 4)",1.3327075791569698
5,20,10,"('cols', 6)",1.3312116917103207
5,20,15,"('random', 0.9)",1.5719543290157791
5,20,15,"('random', 0.8)",1.5162767267428243
5,20,15,"('random', 0.7)",1.4976938989325153
5,20,15,"('random', 0.6)",1.5004372649545654
5,20,15,"('rows', 2)",1.3004210602201451
5,20,15,"('rows', 4)",1.206772999165673
5,20,15,"('rows', 6)",1.3904367911164144
5,20,15,"('cols', 2)",1.2303657509692265
5,20,15,"('cols', 4)",1.3322139314441204
5,20,15,"('cols', 6)",1.331447428000759
5,20,20,"('random', 0.9)",1.6397928858132456
5,20,20,"('random', 0.8)",1.56815742577375
5,20,20,"('random', 0.7)",1.541484346171222
5,20,20,"('random', 0.6)",1.5509724625560037
5,20,20,"('rows', 2)",1.3017484981277196
5,20,20,"('rows', 4)",1.2082789860315855
5,20,20,"('rows', 6)",1.3917310501488378
5,20,20,"('cols', 2)",1.2315957767688268
5,20,20,"('cols', 4)",1.328479002151848
5,20,20,"('cols', 6)",1.3297473933721717
5,20,25,"('random', 0.9)",1.676229322247669
5,20,25,"('random', 0.8)",1.604234281030579
5,20,25,"('random', 0.7)",1.5695310967549971
5,20,25,"('random', 0.6)",1.5861229319684813
5,20,25,"('rows', 2)",1.3044219696572679
5,20,25,"('rows', 4)",1.2110718551387354
5,20,25,"('rows', 6)",1.3930931189252143
5,20,25,"('cols', 2)",1.233988236068578
5,20,25,"('cols', 4)",1.324959267040893
5,20,25,"('cols', 6)",1.3284120154057295
5,20,30,"('random', 0.9)",1.7102479781435518
5,20,30,"('random', 0.8)",1.6364342027041978
5,20,30,"('random', 0.7)",1.5934174342031484
5,20,30,"('random', 0.6)",1.614138114042883
5,20,30,"('rows', 2)",1.3069031282856225
5,20,30,"('rows', 4)",1.21406234849366
5,20,30,"('rows', 6)",1.394564240929367
5,20,30,"('cols', 2)",1.2361273033488138
5,20,30,"('cols', 4)",1.3226125473182284
5,20,30,"('cols', 6)",1.3277712023213126
5,40,5,"('random', 0.9)",1.3768173322174573
5,40,5,"('random', 0.8)",1.4104616180855236
5,40,5,"('random', 0.7)",1.3868050085421004
5,40,5,"('random', 0.6)",1.363602337849813
5,40,5,"('rows', 2)",1.3109538579325435
5,40,5,"('rows', 4)",1.2111642690543751
5,40,5,"('rows', 6)",1.3858049856891144
5,40,5,"('cols', 2)",1.2258791688209383
5,40,5,"('cols', 4)",1.3264843164376339
5,40,5,"('cols', 6)",1.3235718174621707
5,40,10,"('random', 0.9)",1.4873185309423895
5,40,10,"('random', 0.8)",1.499725807053867
5,40,10,"('random', 0.7)",1.45910481111659
5,40,10,"('random', 0.6)",1.4203372114427637
5,40,10,"('rows', 2)",1.3134652702916936
5,40,10,"('rows', 4)",1.2082707374714843
5,40,10,"('rows', 6)",1.3875540045618082
5,40,10,"('cols', 2)",1.2306476517809097
5,40,10,"('cols', 4)",1.3378527374814324
5,40,10,"('cols', 6)",1.3270989957349009
5,40,15,"('random', 0.9)",1.538003284237693
5,40,15,"('random', 0.8)",1.5617342267230152
5,40,15,"('random', 0.7)",1.5141678927726583
5,40,15,"('random', 0.6)",1.4724751165505294
5,40,15,"('rows', 2)",1.315967968535677
5,40,15,"('rows', 4)",1.208908585867342
5,40,15,"('rows', 6)",1.3902954122071272
5,40,15,"('cols', 2)",1.231275979736539
5,40,15,"('cols', 4)",1.338983811944237
5,40,15,"('cols', 6)",1.3268453244772296
5,40,20,"('random', 0.9)",1.5727278297926481
5,40,20,"('random', 0.8)",1.6004134852622236
5,40,20,"('random', 0.7)",1.5435086556906732
5,40,20,"('random', 0.6)",1.5129958909744332
5,40,20,"('rows', 2)",1.3190835214758836
5,40,20,"('rows', 4)",1.211200797720729
5,40,20,"('rows', 6)",1.3926864499905787
5,40,20,"('cols', 2)",1.2323288566348019
5,40,20,"('cols', 4)",1.337091860120534
5,40,20,"('cols', 6)",1.3262601907854532
5,40,25,"('random', 0.9)",1.615597424392856
5,40,25,"('random', 0.8)",1.626852877495771
5,40,25,"('random', 0.7)",1.5659585603388797
5,40,25,"('random', 0.6)",1.5467246030056083
5,40,25,"('rows', 2)",1.3216194257598735
5,40,25,"('rows', 4)",1.2138621963875929
5,40,25,"('rows', 6)",1.3948443553619203
5,40,25,"('cols', 2)",1.2335480914642922
5,40,25,"('cols', 4)",1.3353771375064711
5,40,25,"('cols', 6)",1.3261375993792304
5,40,30,"('random', 0.9)",1.6552716307054383
5,40,30,"('random', 0.8)",1.6439253380853731
5,40,30,"('random', 0.7)",1.588258594161167
5,40,30,"('random', 0.6)",1.5740574983602489
5,40,30,"('rows', 2)",1.3234052984083826
5,40,30,"('rows', 4)",1.2161066654261705
5,40,30,"('rows', 6)",1.3966148193452679
5,40,30,"('cols', 2)",1.2346416695268145
5,40,30,"('cols', 4)",1.334131492071019
5,40,30,"('cols', 6)",1.3263145268995729
10,2,5,"('random', 0.9)",1.3239968653850889
10,2,5,"('random', 0.8)",1.3983319315354537
10,2,5,"('random', 0.7)",1.391146663666779
10,2,5,"('random', 0.6)",1.3468903202201592
10,2,5,"('rows', 2)",1.3030370108416365
10,2,5,"('rows', 4)",1.2076369802147822
10,2,5,"('rows', 6)",1.3885586717096612
10,2,5,"('cols', 2)",1.2234207732857791
10,2,5,"('cols', 4)",1.3243596769294157
10,2,5,"('cols', 6)",1.3246211514807298
10,2,10,"('random', 0.9)",1.333013534031245
10,2,10,"('random', 0.8)",1.4239403784600972
10,2,10,"('random', 0.7)",1.4127810793482454
10,2,10,"('random', 0.6)",1.3506863881589497
10,2,10,"('rows', 2)",1.3072716170626981
10,2,10,"('rows', 4)",1.2076931533244577
10,2,10,"('rows', 6)",1.388677043433572
10,2,10,"('cols', 2)",1.230483041587793
10,2,10,"('cols', 4)",1.3400300101359577
10,2,10,"('cols', 6)",1.3357431189931337
10,2,15,"('random', 0.9)",1.3577788344697475
10,2,15,"('random', 0.8)",1.4650924413498314
10,2,15,"('random', 0.7)",1.4397513587241002
10,2,15,"('random', 0.6)",1.3565944077080587
10,2,15,"('rows', 2)",1.310538517938168
10,2,15,"('rows', 4)",1.2087553777080842
10,2,15,"('rows', 6)",1.391784601571281
10,2,15,"('cols', 2)",1.2301287547152244
10,2,15,"('cols', 4)",1.3483180212023411
10,2,15,"('cols', 6)",1.3415154758975751
10,2,20,"('random', 0.9)",1.4225307971758783
10,2,20,"('random', 0.8)",1.504618789638898
10,2,20,"('random', 0.7)",1.484414646345682
10,2,20,"('random', 0.6)",1.362308739726651
10,2,20,"('rows', 2)",1.3115789177828883
10,2,20,"('rows', 4)",1.208164441474567
10,2,20,"('rows', 6)",1.3940724306569041
10,2,20,"('cols', 2)",1.2281639279134275
10,2,20,"('cols', 4)",1.3509275646497496
10,2,20,"('cols', 6)",1.34188000280711
10,2,25,"('random', 0.9)",1.4520475861608135
10,2,25,"('random', 0.8)",1.523126087860829
10,2,25,"('random', 0.7)",1.5172433510935803
10,2,25,"('random', 0.6)",1.3667980663375114
10,2,25,"('rows', 2)",1.3121387349983358
10,2,25,"('rows', 4)",1.20806598358134
10,2,25,"('rows', 6)",1.3957946895319318
10,2,25,"('cols', 2)",1.227077593282088
10,2,25,"('cols', 4)",1.3497992820693652
10,2,25,"('cols', 6)",1.3414148377141375
10,2,30,"('random', 0.9)",1.4762575216124307
10,2,30,"('random', 0.8)",1.532767230604904
10,2,30,"('random', 0.7)",1.5423012409218708
10,2,30,"('random', 0.6)",1.369162159392624
10,2,30,"('rows', 2)",1.3134002518626862
10,2,30,"('rows', 4)",1.2079099515548004
10,2,30,"('rows', 6)",1.3971560830217538
10,2,30,"('cols', 2)",1.2268299476040092
10,2,30,"('cols', 4)",1.3470132217044857
10,2,30,"('cols', 6)",1.3413955440901866
10,5,5,"('random', 0.9)",1.3339189256792354
10,5,5,"('random', 0.8)",1.3992135483302148
10,5,5,"('random', 0.7)",1.394856937643994
10,5,5,"('random', 0.6)",1.3472244745854731
10,5,5,"('rows', 2)",1.3058976168175238
10,5,5,"('rows', 4)",1.209346371096441
10,5,5,"('rows', 6)",1.3894813799041426
10,5,5,"('cols', 2)",1.2231042372632055
10,5,5,"('cols', 4)",1.3261274675415795
10,5,5,"('cols', 6)",1.3246462031680588
10,5,10,"('random', 0.9)",1.3591615339447534
10,5,10,"('random', 0.8)",1.420362450886102
10,5,10,"('random', 0.7)",1.4201261565288952
10,5,10,"('random', 0.6)",1.3496838871287142
10,5,10,"('rows', 2)",1.3127511294229064
10,5,10,"('rows', 4)",1.2116513834640572
10,5,10,"('rows', 6)",1.3919445052140504
10,5,10,"('cols', 2)",1.227896007897695
10,5,10,"('cols', 4)",1.342335278283923
10,5,10,"('cols', 6)",1.33524755540288
10,5,15,"('random', 0.9)",1.4373203164954305
10,5,15,"('random', 0.8)",1.4838699412290899
10,5,15,"('random', 0.7)",1.4583721913258507
10,5,15,"('random', 0.6)",1.3526051290469745
10,5,15,"('rows', 2)",1.3150734225345286
10,5,15,"('rows', 4)",1.2152275096887133
10,5,15,"('rows', 6)",1.3972355615735292
10,5,15,"('cols', 2)",1.224266592435626
10,5,15,"('cols', 4)",1.3493908893551687
10,5,15,"('cols', 6)",1.340133568946501
10,5,20,"('random', 0.9)",1.4988249261335895
10,5,20,"('random', 0.8)",1.539127458243405
10,5,20,"('random', 0.7)",1.5052969180705025
10,5,20,"('random', 0.6)",1.360341234577321
10,5,20,"('rows', 2)",1.3141599235918513
10,5,20,"('rows', 4)",1.2159548519934662
10,5,20,"('rows', 6)",1.3996573761838
10,5,20,"('cols', 2)",1.21943625109211
10,5,20,"('cols', 4)",1.3505701275079105
10,5,20,"('cols', 6)",1.3391680511325819
10,5,25,"('random', 0.9)",1.5244263492810557
10,5,25,"('random', 0.8)",1.5695050602827976
10,5,25,"('random', 0.7)",1.5235585122790418
10,5,25,"('random', 0.6)",1.3679352079966751
10,5,25,"('rows', 2)",1.3147387833808077
10,5,25,"('rows', 4)",1.2153811110567434
10,5,25,"('rows', 6)",1.4010630121566543
10,5,25,"('cols', 2)",1.2183392348394264
10,5,25,"('cols', 4)",1.348807524697964
10,5,25,"('cols', 6)",1.3358152405052424
10,5,30,"('random', 0.9)",1.5457311414214292
10,5,30,"('random', 0.8)",1.5914487102621566
10,5,30,"('random', 0.7)",1.5335440466416592
10,5,30,"('random', 0.6)",1.3712661680938538
10,5,30,"('rows', 2)",1.3169389521558876
10,5,30,"('rows', 4)",1.2153186396373623
10,5,30,"('rows', 6)",1.4033003531617079
10,5,30,"('cols', 2)",1.219235628061068
10,5,30,"('cols', 4)",1.3464936755558323
10,5,30,"('cols', 6)",1.3327914755077257
10,10,5,"('random', 0.9)",1.3231881541692474
10,10,5,"('random', 0.8)",1.3863353413160133
10,10,5,"('random', 0.7)",1.3869513731354093
10,10,5,"('random', 0.6)",1.3449546127437817
10,10,5,"('rows', 2)",1.301187132187738
10,10,5,"('rows', 4)",1.2078644746006277
10,10,5,"('rows', 6)",1.3894132113959452
10,10,5,"('cols', 2)",1.2279333766494545
10,10,5,"('cols', 4)",1.3222782481566773
10,10,5,"('cols', 6)",1.32332047578343
10,10,10,"('random', 0.9)",1.3438154685250476
10,10,10,"('random', 0.8)",1.4068968642189443
10,10,10,"('random', 0.7)",1.41120639189763
10,10,10,"('random', 0.6)",1.3476843111457824
10,10,10,"('rows', 2)",1.30004421248865
10,10,10,"('rows', 4)",1.2066579010353256
10,10,10,"('rows', 6)",1.390341409908494
10,10,10,"('cols', 2)",1.2383108616592169
10,10,10,"('cols', 4)",1.3364692973936299
10,10,10,"('cols', 6)",1.3321340840983225
10,10,15,"('random', 0.9)",1.4136565085480726
10,10,15,"('random', 0.8)",1.4836452019597306
10,10,15,"('random', 0.7)",1.447174205779457
10,10,15,"('random', 0.6)",1.351448881514197
10,10,15,"('rows', 2)",1.3006844812565113
10,10,15,"('rows', 4)",1.2082581878865257
10,10,15,"('rows', 6)",1.3943846649887541
10,10,15,"('cols', 2)",1.2386779005022184
10,10,15,"('cols', 4)",1.3414310097071038
10,10,15,"('cols', 6)",1.3334900715852067
10,10,20,"('random', 0.9)",1.4591285674160581
10,10,20,"('random', 0.8)",1.5310569680068664
10,10,20,"('random', 0.7)",1.4918342809790888
10,10,20,"('random', 0.6)",1.3584777618121668
10,10,20,"('rows', 2)",1.3036278213200487
10,10,20,"('rows', 4)",1.209407228760331
10,10,20,"('rows', 6)",1.39796259107865
10,10,20,"('cols', 2)",1.235819711053329
10,10,20,"('cols', 4)",1.341383825864037
10,10,20,"('cols', 6)",1.331190973224337
10,10,25,"('random', 0.9)",1.473147186751915
10,10,25,"('random', 0.8)",1.5505693802106093
10,10,25,"('random', 0.7)",1.5160197182816715
10,10,25,"('random', 0.6)",1.364045037719001
10,10,25,"('rows', 2)",1.3074325952335533
10,10,25,"('rows', 4)",1.2109455198291728
10,10,25,"('rows', 6)",1.4012031616708356
10,10,25,"('cols', 2)",1.2352971303176705
10,10,25,"('cols', 4)",1.3391566047775625
10,10,25,"('cols', 6)",1.3292576956340987
10,10,30,"('random', 0.9)",1.49795676727061
10,10,30,"('random', 0.8)",1.5683448681455883
10,10,30,"('random', 0.7)",1.5301491305662187
10,10,30,"('random', 0.6)",1.3659430852617145
10,10,30,"('rows', 2)",1.3110717959138665
10,10,30,"('rows', 4)",1.2133248267551286
10,10,30,"('rows', 6)",1.4039244094136623
10,10,30,"('cols', 2)",1.236032922663514
10,10,30,"('cols', 4)",1.3365120284627743
10,10,30,"('cols', 6)",1.3281776748198542
10,20,5,"('random', 0.9)",1.338707992334417
10,20,5,"('random', 0.8)",1.3920999718788813
10,20,5,"('random', 0.7)",1.3922919896637513
10,20,5,"('random', 0.6)",1.3459301838662387
10,20,5,"('rows', 2)",1.3033301010395257
10,20,5,"('rows', 4)",1.2101423155966016
10,20,5,"('rows', 6)",1.3892097093616185
10,20,5,"('cols', 2)",1.2246891114161176
10,20,5,"('cols', 4)",1.3213208133123862
10,20,5,"('cols', 6)",1.3243557680863196
10,20,10,"('random', 0.9)",1.3986961077195774
10,20,10,"('random', 0.8)",1.4315243794793024
10,20,10,"('random', 0.7)",1.4249835610535282
10,20,10,"('random', 0.6)",1.346290510640847
10,20,10,"('rows', 2)",1.3015849153838637
10,20,10,"('rows', 4)",1.2070523269235178
10,20,10,"('rows', 6)",1.3882492070922103
10,20,10,"('cols', 2)",1.2311814440015778
10,20,10,"('cols', 4)",1.3286648441270508
10,20,10,"('cols', 6)",1.33051867236596
10,20,15,"('random', 0.9)",1.4981521358830527
10,20,15,"('random', 0.8)",1.500117811609459
10,20,15,"('random', 0.7)",1.4778980646007236
10,20,15,"('random', 0.6)",1.3514914738605466
10,20,15,"('rows', 2)",1.3004210602201451
10,20,15,"('rows', 4)",1.206772999165673
10,20,15,"('rows', 6)",1.3906931973541425
10,20,15,"('cols', 2)",1.2306432069169224
10,20,15,"('cols', 4)",1.3277581837891033
10,20,15,"('cols', 6)",1.3302791146649755
10,20,20,"('random', 0.9)",1.5474296237117848
10,20,20,"('random', 0.8)",1.5389803894702239
10,20,20,"('random', 0.7)",1.5070421241909875
10,20,20,"('random', 0.6)",1.3584307538054317
10,20,20,"('rows', 2)",1.3017484981277196
10,20,20,"('rows', 4)",1.2082789860315855
10,20,20,"('rows', 6)",1.3930848846505046
10,20,20,"('cols', 2)",1.2317683322453814
10,20,20,"('cols', 4)",1.3242816288404187
10,20,20,"('cols', 6)",1.3284243248123462
10,20,25,"('random', 0.9)",1.5768460694524158
10,20,25,"('random', 0.8)",1.5675397983629944
10,20,25,"('random', 0.7)",1.5195941692741541
10,20,25,"('random', 0.6)",1.3625269102537612
10,20,25,"('rows', 2)",1.3044219696572679
10,20,25,"('rows', 4)",1.2110718551387354
10,20,25,"('rows', 6)",1.3953439608075957
10,20,25,"('cols', 2)",1.2340976290114554
10,20,25,"('cols', 4)",1.3211459585402976
10,20,25,"('cols', 6)",1.327114653511903
10,20,30,"('random', 0.9)",1.6097445902025935
10,20,30,"('random', 0.8)",1.5961029672360816
10,20,30,"('random', 0.7)",1.5287097331500836
10,20,30,"('random', 0.6)",1.364250523078234
10,20,30,"('rows', 2)",1.3069031282856225
10,20,30,"('rows', 4)",1.21406234849366
10,20,30,"('rows', 6)",1.3973690067891684
10,20,30,"('cols', 2)",1.2362104553958346
10,20,30,"('cols', 4)",1.3191193624004824
10,20,30,"('cols', 6)",1.3265341309151195
10,40,5,"('random', 0.9)",1.3799882508010137
10,40,5,"('random', 0.8)",1.418992635771542
10,40,5,"('random', 0.7)",1.403436299441488
10,40,5,"('random', 0.6)",1.3455775538402737
10,40,5,"('rows', 2)",1.3109538579325435
10,40,5,"('rows', 4)",1.2111642690543751
10,40,5,"('rows', 6)",1.388906020855807
10,40,5,"('cols', 2)",1.2260783586083048
10,40,5,"('cols', 4)",1.3241863773776856
10,40,5,"('cols', 6)",1.3235554563830256
10,40,10,"('random', 0.9)",1.4692479149878521
10,40,10,"('random', 0.8)",1.501405731281731
10,40,10,"('random', 0.7)",1.451187916431843
10,40,10,"('random', 0.6)",1.3499792254235483
10,40,10,"('rows', 2)",1.3134652702916936
10,40,10,"('rows', 4)",1.2082707374714843
10,40,10,"('rows', 6)",1.389834967485414
10,40,10,"('cols', 2)",1.2307697614806774
10,40,10,"('cols', 4)",1.3347112830893924
10,40,10,"('cols', 6)",1.3270068042551024
10,40,15,"('random', 0.9)",1.50603581864488
10,40,15,"('random', 0.8)",1.5516986387045744
10,40,15,"('random', 0.7)",1.4875529126522877
10,40,15,"('random', 0.6)",1.3575751547082835
10,40,15,"('rows', 2)",1.315967968535677
10,40,15,"('rows', 4)",1.208908585867342
10,40,15,"('rows', 6)",1.3929458123239524
10,40,15,"('cols', 2)",1.2313027267483563
10,40,15,"('cols', 4)",1.3359196486667626
10,40,15,"('cols', 6)",1.32670622672231
10,40,20,"('random', 0.9)",1.5332272654930943
10,40,20,"('random', 0.8)",1.5851690171462114
10,40,20,"('random', 0.7)",1.5053261541130365
10,40,20,"('random', 0.6)",1.3618167331655613
10,40,20,"('rows', 2)",1.3190835214758836
10,40,20,"('rows', 4)",1.211200797720729
10,40,20,"('rows', 6)",1.3953831312790534
10,40,20,"('cols', 2)",1.232310239664476
10,40,20,"('cols', 4)",1.3343709150961889
10,40,20,"('cols', 6)",1.326101858580982
10,40,25,"('random', 0.9)",1.571081518415774
10,40,25,"('random', 0.8)",1.6098479841414315
10,40,25,"('random', 0.7)",1.5186964784792572
10,40,25,"('random', 0.6)",1.3639957447093876
10,40,25,"('rows', 2)",1.3216194257598735
10,40,25,"('rows', 4)",1.2138621963875929
10,40,25,"('rows', 6)",1.3974462205018139
10,40,25,"('cols', 2)",1.2335315506226292
10,40,25,"('cols', 4)",1.3329575614357336
10,40,25,"('cols', 6)",1.3259405380549454
10,40,30,"('random', 0.9)",1.6077409781970982
10,40,30,"('random', 0.8)",1.626813138766816
10,40,30,"('random', 0.7)",1.5323825850874837
10,40,30,"('random', 0.6)",1.3657174142040525
10,40,30,"('rows', 2)",1.3234052984083826
10,40,30,"('rows', 4)",1.2161066654261705
10,40,30,"('rows', 6)",1.3991067907379042
10,40,30,"('cols', 2)",1.2346561142398171
10,40,30,"('cols', 4)",1.3318992709191824
10,40,30,"('cols', 6)",1.3260221709376396
15,2,5,"('random', 0.9)",1.3292511596396281
15,2,5,"('random', 0.8)",1.4257190252535485
15,2,5,"('random', 0.7)",1.384565050859999
15,2,5,"('random', 0.6)",1.3668636776484524
15,2,5,"('rows', 2)",1.3386503367432478
15,2,5,"('rows', 4)",1.2532806300067945
15,2,5,"('rows', 6)",1.4086495274487103
15,2,5,"('cols', 2)",1.2228583515006153
15,2,5,"('cols', 4)",1.316743426450995
15,2,5,"('cols', 6)",1.3250244720304012
15,2,10,"('random', 0.9)",1.3196995699152
15,2,10,"('random', 0.8)",1.4302175802021697
15,2,10,"('random', 0.7)",1.3929028528635279
15,2,10,"('random', 0.6)",1.372220098084923
15,2,10,"('rows', 2)",1.3416178032872121
15,2,10,"('rows', 4)",1.256044975673743
15,2,10,"('rows', 6)",1.4111941584915029
15,2,10,"('cols', 2)",1.2298448766275196
15,2,10,"('cols', 4)",1.3215168393706451
15,2,10,"('cols', 6)",1.3271662641062898
15,2,15,"('random', 0.9)",1.3191110084718385
15,2,15,"('random', 0.8)",1.433641634065694
15,2,15,"('random', 0.7)",1.399345353244979
15,2,15,"('random', 0.6)",1.375794732725715
15,2,15,"('rows', 2)",1.3430406019381413
15,2,15,"('rows', 4)",1.2573789716933692
15,2,15,"('rows', 6)",1.412492138992116
15,2,15,"('cols', 2)",1.229345305777833
15,2,15,"('cols', 4)",1.3274763143167847
15,2,15,"('cols', 6)",1.3313382918850232
15,2,20,"('random', 0.9)",1.3226839111446882
15,2,20,"('random', 0.8)",1.4363920052551735
15,2,20,"('random', 0.7)",1.4044151849440132
15,2,20,"('random', 0.6)",1.379767759499935
15,2,20,"('rows', 2)",1.3443069363101472
15,2,20,"('rows', 4)",1.2580694091065185
15,2,20,"('rows', 6)",1.4132433380538927
15,2,20,"('cols', 2)",1.227466058407648
15,2,20,"('cols', 4)",1.3338826419771952
15,2,20,"('cols', 6)",1.3376702621190464
15,2,25,"('random', 0.9)",1.326809390260496
15,2,25,"('random', 0.8)",1.4380928037375147
15,2,25,"('random', 0.7)",1.4063222101409851
15,2,25,"('random', 0.6)",1.3837405005095593
15,2,25,"('rows', 2)",1.3460921859362787
15,2,25,"('rows', 4)",1.259087686082956
15,2,25,"('rows', 6)",1.4143240511474835
15,2,25,"('cols', 2)",1.2267196547464019
15,2,25,"('cols', 4)",1.3422390992401094
15,2,25,"('cols', 6)",1.3460659039487337
15,2,30,"('random', 0.9)",1.3294924517465327
15,2,30,"('random', 0.8)",1.4387575864220492
15,2,30,"('random', 0.7)",1.4056444119310498
15,2,30,"('random', 0.6)",1.3861733573326855
15,2,30,"('rows', 2)",1.348405910221043
15,2,30,"('rows', 4)",1.2601714091175016
15,2,30,"('rows', 6)",1.4157700510328999
15,2,30,"('cols', 2)",1.2269763154508917
15,2,30,"('cols', 4)",1.3502319716536129
15,2,30,"('cols', 6)",1.3531293153421275
15,5,5,"('random', 0.9)",1.3295835534615152
15,5,5,"('random', 0.8)",1.4264827701811864
15,5,5,"('random', 0.7)",1.3840996501298823
15,5,5,"('random', 0.6)",1.3673540771676924
15,5,5,"('rows', 2)",1.3431437970753224
15,5,5,"('rows', 4)",1.2541245182690128
15,5,5,"('rows', 6)",1.4097123653038164
15,5,5,"('cols', 2)",1.2226853532074242
15,5,5,"('cols', 4)",1.3228674974308274
15,5,5,"('cols', 6)",1.326426986214086
15,5,10,"('random', 0.9)",1.3206797613866346
15,5,10,"('random', 0.8)",1.4306563165395225
15,5,10,"('random', 0.7)",1.3907162655904763
15,5,10,"('random', 0.6)",1.3725278261957643
15,5,10,"('rows', 2)",1.3536354031967122
15,5,10,"('rows', 4)",1.2607633614258602
15,5,10,"('rows', 6)",1.4170112535624406
15,5,10,"('cols', 2)",1.227458699653991
15,5,10,"('cols', 4)",1.3358984186701495
15,5,10,"('cols', 6)",1.3316651051063977
15,5,15,"('random', 0.9)",1.3207391475437367
15,5,15,"('random', 0.8)",1.4337862549853944
15,5,15,"('random', 0.7)",1.3942524896219008
15,5,15,"('random', 0.6)",1.3765800628382034
15,5,15,"('rows', 2)",1.3619731029452318
15,5,15,"('rows', 4)",1.2670720924962513
15,5,15,"('rows', 6)",1.424240157655368
15,5,15,"('cols', 2)",1.2237015382582712
15,5,15,"('cols', 4)",1.34575026253811
15,5,15,"('cols', 6)",1.3386702016929286
15,5,20,"('random', 0.9)",1.3235209071846015
15,5,20,"('random', 0.8)",1.4362421338088958
15,5,20,"('random', 0.7)",1.3963322256272892
15,5,20,"('random', 0.6)",1.380999517512574
15,5,20,"('rows', 2)",1.3679852957316196
15,5,20,"('rows', 4)",1.2724473882947012
15,5,20,"('rows', 6)",1.4277814624848677
15,5,20,"('cols', 2)",1.218587052149541
15,5,20,"('cols', 4)",1.3550838383065198
15,5,20,"('cols', 6)",1.3441942844562558
15,5,25,"('random', 0.9)",1.3275003219009658
15,5,25,"('random', 0.8)",1.4370050416774676
15,5,25,"('random', 0.7)",1.398103704458748
15,5,25,"('random', 0.6)",1.38479140648998
15,5,25,"('rows', 2)",1.3727867212001612
15,5,25,"('rows', 4)",1.2765657888294646
15,5,25,"('rows', 6)",1.4299471410603664
15,5,25,"('cols', 2)",1.2169815599361842
15,5,25,"('cols', 4)",1.3669625996758625
15,5,25,"('cols', 6)",1.3480886938071566
15,5,30,"('random', 0.9)",1.3322660156472133
15,5,30,"('random', 0.8)",1.436292109429604
15,5,30,"('random', 0.7)",1.3988706705683522
15,5,30,"('random', 0.6)",1.387140092112315
15,5,30,"('rows', 2)",1.3786735708489024
15,5,30,"('rows', 4)",1.2812032968584919
15,5,30,"('rows', 6)",1.4335154433039863
15,5,30,"('cols', 2)",1.2175203184672305
15,5,30,"('cols', 4)",1.3802537456330615
15,5,30,"('cols', 6)",1.3518556539236322
15,10,5,"('random', 0.9)",1.3301338720787133
15,10,5,"('random', 0.8)",1.4273910461092243
15,10,5,"('random', 0.7)",1.3863844996956256
15,10,5,"('random', 0.6)",1.3683290944937827
15,10,5,"('rows', 2)",1.3415884540230767
15,10,5,"('rows', 4)",1.2536524410097192
15,10,5,"('rows', 6)",1.4094900507025596
15,10,5,"('cols', 2)",1.228351638202072
15,10,5,"('cols', 4)",1.314151077205234
15,10,5,"('cols', 6)",1.3229912846457115
15,10,10,"('random', 0.9)",1.3231713201859303
15,10,10,"('random', 0.8)",1.4309970156520404
15,10,10,"('random', 0.7)",1.3943510170518374
15,10,10,"('random', 0.6)",1.3743314201961094
15,10,10,"('rows', 2)",1.350582904534231
15,10,10,"('rows', 4)",1.2598850492313456
15,10,10,"('rows', 6)",1.415317791640992
15,10,10,"('cols', 2)",1.239051226221611
15,10,10,"('cols', 4)",1.322394442229237
15,10,10,"('cols', 6)",1.3255081694107913
15,10,15,"('random', 0.9)",1.3266090726355826
15,10,15,"('random', 0.8)",1.431768710377283
15,10,15,"('random', 0.7)",1.3980729058236203
15,10,15,"('random', 0.6)",1.3785066964784871
15,10,15,"('rows', 2)",1.361140213775073
15,10,15,"('rows', 4)",1.268620649728757
15,10,15,"('rows', 6)",1.4216133006191172
15,10,15,"('cols', 2)",1.239169482142607
15,10,15,"('cols', 4)",1.333983101187935
15,10,15,"('cols', 6)",1.329105357966461
15,10,20,"('random', 0.9)",1.3333753409171438
15,10,20,"('random', 0.8)",1.4306549328829445
15,10,20,"('random', 0.7)",1.3991048931799874
15,10,20,"('random', 0.6)",1.3816625192690726
15,10,20,"('rows', 2)",1.3705986851187886
15,10,20,"('rows', 4)",1.2760906349086418
15,10,20,"('rows', 6)",1.4271242443026975
15,10,20,"('cols', 2)",1.2356866220562241
15,10,20,"('cols', 4)",1.3490167846610817
15,10,20,"('cols', 6)",1.3336329933462794
15,10,25,"('random', 0.9)",1.3408278773509092
15,10,25,"('random', 0.8)",1.4282451512729006
15,10,25,"('random', 0.7)",1.3986078877406578
15,10,25,"('random', 0.6)",1.3832283874223092
15,10,25,"('rows', 2)",1.3776977041556595
15,10,25,"('rows', 4)",1.281651560228629
15,10,25,"('rows', 6)",1.4319186031028375
15,10,25,"('cols', 2)",1.234622979909748
15,10,25,"('cols', 4)",1.3619020134757165
15,10,25,"('cols', 6)",1.3394684449754195
15,10,30,"('random', 0.9)",1.349367931413387
15,10,30,"('random', 0.8)",1.4260041917455126
15,10,30,"('random', 0.7)",1.3975369805809812
15,10,30,"('random', 0.6)",1.3836492678418695
15,10,30,"('rows', 2)",1.3830424709886717
15,10,30,"('rows', 4)",1.286187012556898
15,10,30,"('rows', 6)",1.4356726516757847
15,10,30,"('cols', 2)",1.2350017761672143
15,10,30,"('cols', 4)",1.3703618957954917
15,10,30,"('cols', 6)",1.3453056946973154
15,20,5,"('random', 0.9)",1.330443166322932
15,20,5,"('random', 0.8)",1.423719930789696
15,20,5,"('random', 0.7)",1.3807776999763668
15,20,5,"('random', 0.6)",1.3650284088705693
15,20,5,"('rows', 2)",1.343913778138029
15,20,5,"('rows', 4)",1.2551906634921115
15,20,5,"('rows', 6)",1.4093344742036986
15,20,5,"('cols', 2)",1.224474342338529
15,20,5,"('cols', 4)",1.3180811191757933
15,20,5,"('cols', 6)",1.3291387121680316
15,20,10,"('random', 0.9)",1.3282510303693138
15,20,10,"('random', 0.8)",1.4273171467079224
15,20,10,"('random', 0.7)",1.3859578713121483
15,20,10,"('random', 0.6)",1.3703166143175398
15,20,10,"('rows', 2)",1.3548265598563354
15,20,10,"('rows', 4)",1.2618416298054858
15,20,10,"('rows', 6)",1.413959386039214
15,20,10,"('cols', 2)",1.230890043097027
15,20,10,"('cols', 4)",1.3227241510018495
15,20,10,"('cols', 6)",1.3337206869866323
15,20,15,"('random', 0.9)",1.3349869425808858
15,20,15,"('random', 0.8)",1.4297998235673834
15,20,15,"('random', 0.7)",1.3890504682213063
15,20,15,"('random', 0.6)",1.376098432175777
15,20,15,"('rows', 2)",1.3643325819445578
15,20,15,"('rows', 4)",1.2679663029613635
15,20,15,"('rows', 6)",1.4189970629263753
15,20,15,"('cols', 2)",1.2296965819545604
15,20,15,"('cols', 4)",1.3290213430762103
15,20,15,"('cols', 6)",1.33885997702048
15,20,20,"('random', 0.9)",1.3407491190163967
15,20,20,"('random', 0.8)",1.4303562495544184
15,20,20,"('random', 0.7)",1.3904598715735574
15,20,20,"('random', 0.6)",1.3808100517272492
15,20,20,"('rows', 2)",1.3716613141196783
15,20,20,"('rows', 4)",1.2729875089584703
15,20,20,"('rows', 6)",1.422818839715756
15,20,20,"('cols', 2)",1.2301739240379346
15,20,20,"('cols', 4)",1.3355511873682395
15,20,20,"('cols', 6)",1.343934743364283
15,20,25,"('random', 0.9)",1.3478350640606607
15,20,25,"('random', 0.8)",1.4297970862405889
15,20,25,"('random', 0.7)",1.3907686494662972
15,20,25,"('random', 0.6)",1.3834682562506486
15,20,25,"('rows', 2)",1.3773834685980464
15,20,25,"('rows', 4)",1.2768581337464775
15,20,25,"('rows', 6)",1.4257683196574336
15,20,25,"('cols', 2)",1.232108473005216
15,20,25,"('cols', 4)",1.340251233855202
15,20,25,"('cols', 6)",1.3483461380024948
15,20,30,"('random', 0.9)",1.3568626472436094
15,20,30,"('random', 0.8)",1.4288885625317949
15,20,30,"('random', 0.7)",1.3904462405605233
15,20,30,"('random', 0.6)",1.3844921867648354
15,20,30,"('rows', 2)",1.3818269125974283
15,20,30,"('rows', 4)",1.2798511400270953
15,20,30,"('rows', 6)",1.4280553254533912
15,20,30,"('cols', 2)",1.2339447850546743
15,20,30,"('cols', 4)",1.3433074742204887
15,20,30,"('cols', 6)",1.3520835267541627
15,40,5,"('random', 0.9)",1.3315537684716157
15,40,5,"('random', 0.8)",1.4268893782033976
15,40,5,"('random', 0.7)",1.3855530380061525
15,40,5,"('random', 0.6)",1.3679198294484685
15,40,5,"('rows', 2)",1.3477941421366222
15,40,5,"('rows', 4)",1.2551531740131008
15,40,5,"('rows', 6)",1.4122375516228047
15,40,5,"('cols', 2)",1.2265044209702234
15,40,5,"('cols', 4)",1.324692686113448
15,40,5,"('cols', 6)",1.327232557082839
15,40,10,"('random', 0.9)",1.333171971126718
15,40,10,"('random', 0.8)",1.4298293070719985
15,40,10,"('random', 0.7)",1.3918682620875131
15,40,10,"('random', 0.6)",1.374919349310644
15,40,10,"('rows', 2)",1.3611708913004108
15,40,10,"('rows', 4)",1.2630962624817126
15,40,10,"('rows', 6)",1.420948270891208
15,40,10,"('cols', 2)",1.231138455766948
15,40,10,"('cols', 4)",1.3419428526831958
15,40,10,"('cols', 6)",1.3338406085623131
15,40,15,"('random', 0.9)",1.3423618994363826
15,40,15,"('random', 0.8)",1.430241626514583
15,40,15,"('random', 0.7)",1.3928493317420212
15,40,15,"('random', 0.6)",1.3786014256332608
15,40,15,"('rows', 2)",1.3685466277554308
15,40,15,"('rows', 4)",1.2682518232015463
15,40,15,"('rows', 6)",1.4258694408915644
15,40,15,"('cols', 2)",1.231229166259255
15,40,15,"('cols', 4)",1.3561903065808625
15,40,15,"('cols', 6)",1.3417404746175439
15,40,20,"('random', 0.9)",1.3518780314865735
15,40,20,"('random', 0.8)",1.4294835533605463
15,40,20,"('random', 0.7)",1.3919116519365957
15,40,20,"('random', 0.6)",1.3796517674216353
15,40,20,"('rows', 2)",1.3730725946772724
15,40,20,"('rows', 4)",1.2715395753175527
15,40,20,"('rows', 6)",1.428264708136452
15,40,20,"('cols', 2)",1.2317647203297912
15,40,20,"('cols', 4)",1.3649559279932288
15,40,20,"('cols', 6)",1.3475319131095649
15,40,25,"('random', 0.9)",1.3618669763661775
15,40,25,"('random', 0.8)",1.4286736058965512
15,40,25,"('random', 0.7)",1.3906456370900653
15,40,25,"('random', 0.6)",1.3796091030666382
15,40,25,"('rows', 2)",1.3759675476102589
15,40,25,"('rows', 4)",1.2737229037609235
15,40,25,"('rows', 6)",1.4296775614175827
15,40,25,"('cols', 2)",1.2325501431617827
15,40,25,"('cols', 4)",1.3703239030214365
15,40,25,"('cols', 6)",1.3511839392317835
15,40,30,"('random', 0.9)",1.3717674573782552
15,40,30,"('random', 0.8)",1.428128228680075
15,40,30,"('random', 0.7)",1.3894666793612565
15,40,30,"('random', 0.6)",1.379129226867046
15,40,30,"('rows', 2)",1.3775096305514454
15,40,30,"('rows', 4)",1.2749325221380376
15,40,30,"('rows', 6)",1.430466254167933
15,40,30,"('cols', 2)",1.2332853763829061
15,40,30,"('cols', 4)",1.3731471174572345
15,40,30,"('cols', 6)",1.3532732963995062
20,2,5,"('random', 0.9)",1.371428723338475
20,2,5,"('random', 0.8)",1.4338272862117893
20,2,5,"('random', 0.7)",1.3840415490751097
20,2,5,"('random', 0.6)",1.3668636776484524
20,2,5,"('rows', 2)",1.3386503367432478
20,2,5,"('rows', 4)",1.2532806300067945
20,2,5,"('rows', 6)",1.4086495274487103
20,2,5,"('cols', 2)",1.2354304883219216
20,2,5,"('cols', 4)",1.316743426450995
20,2,5,"('cols', 6)",1.3250244720304012
20,2,10,"('random', 0.9)",1.3757052368296057
20,2,10,"('random', 0.8)",1.4422727220461447
20,2,10,"('random', 0.7)",1.392277487198105
20,2,10,"('random', 0.6)",1.372220098084923
20,2,10,"('rows', 2)",1.3416178032872121
20,2,10,"('rows', 4)",1.256044975673743
20,2,10,"('rows', 6)",1.4111941584915029
20,2,10,"('cols', 2)",1.2407275535504965
20,2,10,"('cols', 4)",1.3215168393706451
20,2,10,"('cols', 6)",1.3271662641062898
20,2,15,"('random', 0.9)",1.3787463011286754
20,2,15,"('random', 0.8)",1.449494340620748
20,2,15,"('random', 0.7)",1.3987905280840434
20,2,15,"('random', 0.6)",1.375794732725715
20,2,15,"('rows', 2)",1.3430406019381413
20,2,15,"('rows', 4)",1.2573789716933692
20,2,15,"('rows', 6)",1.412492138992116
20,2,15,"('cols', 2)",1.2427527250304597
20,2,15,"('cols', 4)",1.3274763143167847
20,2,15,"('cols', 6)",1.3313382918850232
20,2,20,"('random', 0.9)",1.3802700220748914
20,2,20,"('random', 0.8)",1.4552063687694412
20,2,20,"('random', 0.7)",1.4039872366225208
20,2,20,"('random', 0.6)",1.379767759499935
20,2,20,"('rows', 2)",1.3443069363101472
20,2,20,"('rows', 4)",1.2580694091065185
20,2,20,"('rows', 6)",1.4132433380538927
20,2,20,"('cols', 2)",1.2457280138430318
20,2,20,"('cols', 4)",1.3338826419771952
20,2,20,"('cols', 6)",1.3376702621190464
20,2,25,"('random', 0.9)",1.3803162529700408
20,2,25,"('random', 0.8)",1.458648550331829
20,2,25,"('random', 0.7)",1.4059388392237169
20,2,25,"('random', 0.6)",1.3837405005095593
20,2,25,"('rows', 2)",1.3460921859362787
20,2,25,"('rows', 4)",1.259087686082956
20,2,25,"('rows', 6)",1.4143240511474835
20,2,25,"('cols', 2)",1.2487033799115281
20,2,25,"('cols', 4)",1.3422390992401094
20,2,25,"('cols', 6)",1.3460659039487337
20,2,30,"('random', 0.9)",1.380288286605559
20,2,30,"('random', 0.8)",1.459818407700519
20,2,30,"('random', 0.7)",1.405226032525307
20,2,30,"('random', 0.6)",1.3861733573326855
20,2,30,"('rows', 2)",1.348405910221043
20,2,30,"('rows', 4)",1.2601714091175016
20,2,30,"('rows', 6)",1.4157700510328999
20,2,30,"('cols', 2)",1.2517220717891708
20,2,30,"('cols', 4)",1.3502319716536129
20,2,30,"('cols', 6)",1.3531293153421275
20,5,5,"('random', 0.9)",1.3715978427953264
20,5,5,"('random', 0.8)",1.4346617956706256
20,5,5,"('random', 0.7)",1.3836680125751293
20,5,5,"('random', 0.6)",1.3673540771676924
20,5,5,"('rows', 2)",1.3431437970753224
20,5,5,"('rows', 4)",1.2541245182690128
20,5,5,"('rows', 6)",1.4097123653038164
20,5,5,"('cols', 2)",1.2374039270808959
20,5,5,"('cols', 4)",1.3228674974308274
20,5,5,"('cols', 6)",1.326426986214086
20,5,10,"('random', 0.9)",1.3755158071329179
20,5,10,"('random', 0.8)",1.4416745920426235
20,5,10,"('random', 0.7)",1.390222762134625
20,5,10,"('random', 0.6)",1.3725278261957643
20,5,10,"('rows', 2)",1.3536354031967122
20,5,10,"('rows', 4)",1.2607633614258602
20,5,10,"('rows', 6)",1.4170112535624406
20,5,10,"('cols', 2)",1.2455086378640088
20,5,10,"('cols', 4)",1.3358984186701495
20,5,10,"('cols', 6)",1.3316651051063977
20,5,15,"('random', 0.9)",1.377834271591453
20,5,15,"('random', 0.8)",1.4461765294588618
20,5,15,"('random', 0.7)",1.393788265354629
20,5,15,"('random', 0.6)",1.3765800628382034
20,5,15,"('rows', 2)",1.3619731029452318
20,5,15,"('rows', 4)",1.2670720924962513
20,5,15,"('rows', 6)",1.424240157655368
20,5,15,"('cols', 2)",1.2525955925002075
20,5,15,"('cols', 4)",1.34575026253811
20,5,15,"('cols', 6)",1.3386702016929286
20,5,20,"('random', 0.9)",1.379547629974188
20,5,20,"('random', 0.8)",1.4492013783635012
20,5,20,"('random', 0.7)",1.3958744228546969
20,5,20,"('random', 0.6)",1.380999517512574
20,5,20,"('rows', 2)",1.3679852957316196
20,5,20,"('rows', 4)",1.2724473882947012
20,5,20,"('rows', 6)",1.4277814624848677
20,5,20,"('cols', 2)",1.2606041215326276
20,5,20,"('cols', 4)",1.3550838383065198
20,5,20,"('cols', 6)",1.3441942844562558
20,5,25,"('random', 0.9)",1.38195060165124
20,5,25,"('random', 0.8)",1.4503901021713779
20,5,25,"('random', 0.7)",1.3976222885242227
20,5,25,"('random', 0.6)",1.38479140648998
20,5,25,"('rows', 2)",1.3727867212001612
20,5,25,"('rows', 4)",1.2765657888294646
20,5,25,"('rows', 6)",1.4299471410603664
20,5,25,"('cols', 2)",1.2683384776150843
20,5,25,"('cols', 4)",1.3669625996758625
20,5,25,"('cols', 6)",1.3480886938071566
20,5,30,"('random', 0.9)",1.3846787179721218
20,5,30,"('random', 0.8)",1.4501323199237361
20,5,30,"('random', 0.7)",1.398350232156276
20,5,30,"('random', 0.6)",1.387140092112315
20,5,30,"('rows', 2)",1.3786735708489024
20,5,30,"('rows', 4)",1.2812032968584919
20,5,30,"('rows', 6)",1.4335154433039863
20,5,30,"('cols', 2)",1.2741732753084138
20,5,30,"('cols', 4)",1.3802537456330615
20,5,30,"('cols', 6)",1.3518556539236322
20,10,5,"('random', 0.9)",1.3693511983489464
20,10,5,"('random', 0.8)",1.4355805037347393
20,10,5,"('random', 0.7)",1.3858654828389032
20,10,5,"('random', 0.6)",1.3683290944937827
20,10,5,"('rows', 2)",1.3415884540230767
20,10,5,"('rows', 4)",1.2536524410097192
20,10,5,"('rows', 6)",1.4094900507025596
20,10,5,"('cols', 2)",1.2456909919420223
20,10,5,"('cols', 4)",1.314151077205234
20,10,5,"('cols', 6)",1.3229912846457115
20,10,10,"('random', 0.9)",1.371928126145926
20,10,10,"('random', 0.8)",1.4429310215721154
20,10,10,"('random', 0.7)",1.393756858944932
20,10,10,"('random', 0.6)",1.3743314201961094
20,10,10,"('rows', 2)",1.350582904534231
20,10,10,"('rows', 4)",1.2598850492313456
20,10,10,"('rows', 6)",1.415317791640992
20,10,10,"('cols', 2)",1.2609585447609593
20,10,10,"('cols', 4)",1.322394442229237
20,10,10,"('cols', 6)",1.3255081694107913
20,10,15,"('random', 0.9)",1.3742610545356044
20,10,15,"('random', 0.8)",1.4467689955638885
20,10,15,"('random', 0.7)",1.3975342583403074
20,10,15,"('random', 0.6)",1.3785066964784871
20,10,15,"('rows', 2)",1.361140213775073
20,10,15,"('rows', 4)",1.268620649728757
20,10,15,"('rows', 6)",1.4216133006191172
20,10,15,"('cols', 2)",1.2701067613824606
20,10,15,"('cols', 4)",1.333983101187935
20,10,15,"('cols', 6)",1.329105357966461
20,10,20,"('random', 0.9)",1.3761728034073781
20,10,20,"('random', 0.8)",1.4471150920850684
20,10,20,"('random', 0.7)",1.3986097561792086
20,10,20,"('random', 0.6)",1.3816625192690726
20,10,20,"('rows', 2)",1.3705986851187886
20,10,20,"('rows', 4)",1.2760906349086418
20,10,20,"('rows', 6)",1.4271242443026975
20,10,20,"('cols', 2)",1.2759214775760956
20,10,20,"('cols', 4)",1.3490167846610817
20,10,20,"('cols', 6)",1.3336329933462794
20,10,25,"('random', 0.9)",1.3780255808338
20,10,25,"('random', 0.8)",1.4446360171143304
20,10,25,"('random', 0.7)",1.3981255490002005
20,10,25,"('random', 0.6)",1.3832283874223092
20,10,25,"('rows', 2)",1.3776977041556595
20,10,25,"('rows', 4)",1.281651560228629
20,10,25,"('rows', 6)",1.4319186031028375
20,10,25,"('cols', 2)",1.2800965851696178
20,10,25,"('cols', 4)",1.3619020134757165
20,10,25,"('cols', 6)",1.3394684449754195
20,10,30,"('random', 0.9)",1.3801925290885821
20,10,30,"('random', 0.8)",1.4420332324089795
20,10,30,"('random', 0.7)",1.397067183505299
20,10,30,"('random', 0.6)",1.3836492678418695
20,10,30,"('rows', 2)",1.3830424709886717
20,10,30,"('rows', 4)",1.286187012556898
20,10,30,"('rows', 6)",1.4356726516757847
20,10,30,"('cols', 2)",1.282353818189004
20,10,30,"('cols', 4)",1.3703618957954917
20,10,30,"('cols', 6)",1.3453056946973154
20,20,5,"('random', 0.9)",1.3705029158359243
20,20,5,"('random', 0.8)",1.4315927670338582
20,20,5,"('random', 0.7)",1.3803863159271204
20,20,5,"('random', 0.6)",1.3650284088705693
20,20,5,"('rows', 2)",1.343913778138029
20,20,5,"('rows', 4)",1.2551906634921115
20,20,5,"('rows', 6)",1.4093344742036986
20,20,5,"('cols', 2)",1.2400832109291466
20,20,5,"('cols', 4)",1.3180811191757933
20,20,5,"('cols', 6)",1.3291387121680316
20,20,10,"('random', 0.9)",1.3745690431899622
20,20,10,"('random', 0.8)",1.438978067368863
20,20,10,"('random', 0.7)",1.3854971267847185
20,20,10,"('random', 0.6)",1.3703166143175398
20,20,10,"('rows', 2)",1.3548265598563354
20,20,10,"('rows', 4)",1.2618416298054858
20,20,10,"('rows', 6)",1.413959386039214
20,20,10,"('cols', 2)",1.2546227499715716
20,20,10,"('cols', 4)",1.3227241510018495
20,20,10,"('cols', 6)",1.3337206869866323
20,20,15,"('random', 0.9)",1.3776599195400359
20,20,15,"('random', 0.8)",1.4438530334807649
20,20,15,"('random', 0.7)",1.388628817584145
20,20,15,"('random', 0.6)",1.376098432175777
20,20,15,"('rows', 2)",1.3643325819445578
20,20,15,"('rows', 4)",1.2679663029613635
20,20,15,"('rows', 6)",1.4189970629263753
20,20,15,"('cols', 2)",1.2640051776196037
20,20,15,"('cols', 4)",1.3290213430762103
20,20,15,"('cols', 6)",1.33885997702048
20,20,20,"('random', 0.9)",1.3787270261271674
20,20,20,"('random', 0.8)",1.4448424083349842
20,20,20,"('random', 0.7)",1.3900401643258602
20,20,20,"('random', 0.6)",1.3808100517272492
20,20,20,"('rows', 2)",1.3716613141196783
20,20,20,"('rows', 4)",1.2729875089584703
20,20,20,"('rows', 6)",1.422818839715756
20,20,20,"('cols', 2)",1.273144163248029
20,20,20,"('cols', 4)",1.3355511873682395
20,20,20,"('cols', 6)",1.343934743364283
20,20,25,"('random', 0.9)",1.3785116741702588
20,20,25,"('random', 0.8)",1.4437874639779806
20,20,25,"('random', 0.7)",1.3903349671206655
20,20,25,"('random', 0.6)",1.3834682562506486
20,20,25,"('rows', 2)",1.3773834685980464
20,20,25,"('rows', 4)",1.2768581337464775
20,20,25,"('rows', 6)",1.4257683196574336
20,20,25,"('cols', 2)",1.279526672362726
20,20,25,"('cols', 4)",1.340251233855202
20,20,25,"('cols', 6)",1.3483461380024948
20,20,30,"('random', 0.9)",1.3778828433030317
20,20,30,"('random', 0.8)",1.442194487859527
20,20,30,"('random', 0.7)",1.39002171004028
20,20,30,"('random', 0.6)",1.3844921867648354
20,20,30,"('rows', 2)",1.3818269125974283
20,20,30,"('rows', 4)",1.2798511400270953
20,20,30,"('rows', 6)",1.4280553254533912
20,20,30,"('cols', 2)",1.282720902208127
20,20,30,"('cols', 4)",1.3433074742204887
20,20,30,"('cols', 6)",1.3520835267541627
20,40,5,"('random', 0.9)",1.3740027797199768
20,40,5,"('random', 0.8)",1.4357273961393864
20,40,5,"('random', 0.7)",1.3849074506939048
20,40,5,"('random', 0.6)",1.3679198294484685
20,40,5,"('rows', 2)",1.3477941421366222
20,40,5,"('rows', 4)",1.2551531740131008
20,40,5,"('rows', 6)",1.4122375516228047
20,40,5,"('cols', 2)",1.2467991535935574
20,40,5,"('cols', 4)",1.324692686113448
20,40,5,"('cols', 6)",1.327232557082839
20,40,10,"('random', 0.9)",1.3805682035700642
20,40,10,"('random', 0.8)",1.4430729139551246
20,40,10,"('random', 0.7)",1.391087389432637
20,40,10,"('random', 0.6)",1.374919349310644
20,40,10,"('rows', 2)",1.3611708913004108
20,40,10,"('rows', 4)",1.2630962624817126
20,40,10,"('rows', 6)",1.420948270891208
20,40,10,"('cols', 2)",1.2641709983894152
20,40,10,"('cols', 4)",1.3419428526831958
20,40,10,"('cols', 6)",1.3338406085623131
20,40,15,"('random', 0.9)",1.3848047586370331
20,40,15,"('random', 0.8)",1.4449271624870337
20,40,15,"('random', 0.7)",1.3920123938316429
20,40,15,"('random', 0.6)",1.3786014256332608
20,40,15,"('rows', 2)",1.3685466277554308
20,40,15,"('rows', 4)",1.2682518232015463
20,40,15,"('rows', 6)",1.4258694408915644
20,40,15,"('cols', 2)",1.2745366955797424
20,40,15,"('cols', 4)",1.3561903065808625
20,40,15,"('cols', 6)",1.3417404746175439
20,40,20,"('random', 0.9)",1.386847986157135
20,40,20,"('random', 0.8)",1.444129444525224
20,40,20,"('random', 0.7)",1.3910313438036488
20,40,20,"('random', 0.6)",1.3796517674216353
20,40,20,"('rows', 2)",1.3730725946772724
20,40,20,"('rows', 4)",1.2715395753175527
20,40,20,"('rows', 6)",1.428264708136452
20,40,20,"('cols', 2)",1.2791947129951156
20,40,20,"('cols', 4)",1.3649559279932288
20,40,20,"('cols', 6)",1.3475319131095649
20,40,25,"('random', 0.9)",1.3874396442398538
20,40,25,"('random', 0.8)",1.4429417532025386
20,40,25,"('random', 0.7)",1.3897589240004482
20,40,25,"('random', 0.6)",1.3796091030666382
20,40,25,"('rows', 2)",1.3759675476102589
20,40,25,"('rows', 4)",1.2737229037609235
20,40,25,"('rows', 6)",1.4296775614175827
20,40,25,"('cols', 2)",1.2801820396320382
20,40,25,"('cols', 4)",1.3703239030214365
20,40,25,"('cols', 6)",1.3511839392317835
20,40,30,"('random', 0.9)",1.3871857765015723
20,40,30,"('random', 0.8)",1.441940291706599
20,40,30,"('random', 0.7)",1.3886121083854086
20,40,30,"('random', 0.6)",1.379129226867046
20,40,30,"('rows', 2)",1.3775096305514454
20,40,30,"('rows', 4)",1.2749325221380376
20,40,30,"('rows', 6)",1.430466254167933
20,40,30,"('cols', 2)",1.2791520551449949
20,40,30,"('cols', 4)",1.3731471174572345
20,40,30,"('cols', 6)",1.3532732963995062
5,20,0,"('random', 0.9)",1.3773309089101502
5,20,0,"('random', 0.8)",1.44835748876961
5,20,0,"('random', 0.7)",1.3997236965003301
5,20,0,"('random', 0.6)",1.3785436620919922
5,20,0,"('rows', 2)",1.3450300946260005
5,20,0,"('rows', 4)",1.2637933783757598
5,20,0,"('rows', 6)",1.4198760691288907
5,20,0,"('cols', 2)",1.2321546412628768
5,20,0,"('cols', 4)",1.3212655448440724
5,20,0,"('cols', 6)",1.3344863193936185
